decile,relative_change_pct
1,0.5217307712882757
2,1.0733094066381454
3,0.40049534291028976
4,0.1559992553666234
5,0.09095221175812185
6,0.020872786990366876
7,0.023944138956721872
8,6.4497321261569596e-06
9,0.0
10,0.0
