decile,relative_change_pct
1,0.9101229719817638
2,1.4909266494214535
3,0.6382113788276911
4,0.32864687964320183
5,0.08711245027370751
6,0.031265331199392676
7,0.01915531320264563
8,5.159790816833265e-06
9,0.0
10,0.0
