decile,relative_change_pct
1,0.5565257277339697
2,1.0039533488452435
3,0.44555659405887127
4,0.1379292574711144
5,0.10576590429991484
6,0.020545611914712936
7,0.023683480685576797
8,6.369840832576301e-06
9,0.0
10,0.0
