decile,relative_change_pct
1,0.6127104163169861
2,0.8217747323215008
3,0.32035859767347574
4,0.24787834845483303
5,0.1266975305043161
6,0.037727857124991715
7,0.023552945640403777
8,6.323037382571783e-06
9,0.0
10,0.0
