decile,relative_change_pct
1,0.6621211767196655
2,0.9448924101889133
3,0.5102225113660097
4,0.3369601210579276
5,0.10067647090181708
6,0.03865001199301332
7,0.024306790146511048
8,6.3041049713774555e-06
9,0.0
10,0.0
