decile,relative_change_pct
1,0.63680000603199
2,1.405656337738037
3,0.5895817652344704
4,0.32689115032553673
5,0.15192384598776698
6,0.020125154696870595
7,0.023426697589457035
8,6.290748189030637e-06
9,0.0
10,0.0
