decile,relative_change_pct
1,0.7368671242147684
2,1.51795893907547
3,0.8316809311509132
4,0.3590834327042103
5,0.13766211923211813
6,0.020640237198676914
7,0.024306790146511048
8,6.3041049713774555e-06
9,0.0
10,0.0
