decile,relative_change_pct
1,1.0332314297556877
2,1.545571070164442
3,0.7906526327133179
4,0.3308806801214814
5,0.12500996235758066
6,0.034785037860274315
7,0.021876122627872974
8,5.673695824270908e-06
9,0.0
10,0.0
