decile,relative_change_pct
1,0.49174996092915535
2,0.957186333835125
3,0.41799377650022507
4,0.07330082589760423
5,0.056140084052458405
6,0.012514957052189857
7,0.024306790146511048
8,6.3041049713774555e-06
9,0.0
10,0.0
