decile,relative_change_pct
1,0.7963576354086399
2,1.3045605272054672
3,0.5584347993135452
4,0.28756598476320505
5,0.07622334524057806
6,0.027357152430340648
7,0.016760898870415986
8,4.514807372402174e-06
9,0.0
10,0.0
