decile,relative_change_pct
1,0.4350928124040365
2,0.7330546155571938
3,0.3204416250810027
4,0.10846811346709728
5,0.05399492220021784
6,0.012201505160192028
7,0.023426697589457035
8,6.290748189030637e-06
9,0.0
10,0.0
