decile,relative_change_pct
1,0.9145928546786308
2,1.455111801624298
3,0.7059840951114893
4,0.26402175426483154
5,0.1566725899465382
6,0.03848335181828588
7,0.023683997278567404
8,6.369840832576301e-06
9,0.0
10,0.0
