decile,relative_change_pct
1,0.7028478663414717
2,1.4870254322886467
3,0.7704012095928192
4,0.2574000973254442
5,0.1552581205032766
6,0.020545611914712936
7,0.023683997278567404
8,6.369840832576301e-06
9,0.0
10,0.0
