decile,relative_change_pct
1,0.6087220273911953
2,1.3894381932914257
3,0.6185341626405716
4,0.27787776198238134
5,0.13306341134011745
6,0.02063958818325773
7,0.024306790146511048
8,6.3041049713774555e-06
9,0.0
10,0.0
