decile,relative_change_pct
1,0.5408132448792458
2,0.8332780562341213
3,0.408808421343565
4,0.13201870024204254
5,0.0783362949732691
6,0.01924167590914294
7,0.011841998639283702
8,3.1849204162881506e-06
9,0.0
10,0.0
