decile,relative_change_pct
1,0.9184280410408974
2,1.373840682208538
3,0.7028020452708006
4,0.29411609284579754
5,0.11111999629065394
6,0.0309200695483014
7,0.019445453654043376
8,5.043287742978464e-06
9,0.0
10,0.0
