decile,relative_change_pct
1,0.5740175023674965
2,0.8586504496634007
3,0.4392513073980808
4,0.183822528924793
5,0.06944997585378587
6,0.01932500599650666
7,0.012153395073255524
8,3.1520524856887278e-06
9,0.0
10,0.0
