decile,relative_change_pct
1,1.0238884016871452
2,1.6772925853729248
3,0.717987772077322
4,0.36972782108932734
5,0.09800149127840996
6,0.03517349541652948
7,0.021549727534875274
8,5.80476182676648e-06
9,0.0
10,0.0
