decile,relative_change_pct
1,0.5151641089469194
2,0.8003534749150276
3,0.2955400152131915
4,0.15357705997303128
5,0.09169259574264288
6,0.01772505056578666
7,0.011736282613128424
8,3.1783283560571363e-06
9,0.0
10,0.0
