decile,relative_change_pct
1,0.5688268691301346
2,0.9318290278315544
3,0.39888210594654083
4,0.20540428813546896
5,0.05444526905193925
6,0.019540828361641616
7,0.011972069478360936
8,3.2248660630784798e-06
9,0.0
10,0.0
