decile,relative_change_pct
1,0.5678632762283087
2,0.8479940705001354
3,0.33300649374723434
4,0.2671704860404134
5,0.10195933282375336
6,0.037690342287532985
7,0.023426697589457035
8,6.290748189030637e-06
9,0.0
10,0.0
