decile,relative_change_pct
1,0.6987910252064466
2,1.6207985579967499
3,0.7534092757850885
4,0.38794667925685644
5,0.10759596480056643
6,0.020873443281743675
7,0.023944138956721872
8,6.4497321261569596e-06
9,0.0
10,0.0
