decile,relative_change_pct
1,0.15454923268407583
2,0.24010580964386463
3,0.08866192074492574
4,0.04607306909747422
5,0.027507744380272925
6,0.00531753248651512
7,0.0035208748158765957
8,9.53496392952502e-07
9,0.0
10,0.0
