decile,relative_change_pct
1,0.3779355203732848
2,0.8749060332775116
3,0.3443199209868908
4,0.1800538506358862
5,0.06177727482281625
6,0.03637676127254963
7,0.024306790146511048
8,6.3041049713774555e-06
9,0.0
10,0.0
