decile,relative_change_pct
1,0.8535333909094334
2,1.377896685153246
3,0.5512693896889687
4,0.30208060052245855
5,0.1535504823550582
6,0.037690342287532985
7,0.023426697589457035
8,6.290748189030637e-06
9,0.0
10,0.0
