decile,relative_change_pct
1,0.7029509637504816
2,1.1087599210441113
3,0.44226390309631824
4,0.23004268296062946
5,0.10748538188636303
6,0.02638320147525519
7,0.01639870897633955
8,4.403528208740681e-06
9,0.0
10,0.0
