decile,relative_change_pct
1,0.9771936573088169
2,1.5028824098408222
3,0.7661026902496815
4,0.3676298540085554
5,0.13889995170757174
6,0.03865001199301332
7,0.024306790146511048
8,6.3041049713774555e-06
9,0.0
10,0.0
