decile,relative_change_pct
1,1.1372951790690422
2,1.6699153929948807
3,0.8702530525624752
4,0.367645057849586
5,0.13889995170757174
6,0.03865001199301332
7,0.024306790146511048
8,6.3041049713774555e-06
9,0.0
10,0.0
