decile,relative_change_pct
1,0.8036245591938496
2,1.2021109461784363
3,0.6149519700556993
4,0.2573514822870493
5,0.0972299138084054
6,0.027054949896410108
7,0.01701473374851048
8,4.4128693588163515e-06
9,0.0
10,0.0
