decile,relative_change_pct
1,1.0303282178938389
2,1.6007069498300552
3,0.591080030426383
4,0.30715411994606256
5,0.18338519148528576
6,0.03545010113157332
7,0.023472565226256847
8,6.3566567121142725e-06
9,0.0
10,0.0
