decile,relative_change_pct
1,0.8033726364374161
2,1.2671543285250664
3,0.505444360896945
4,0.26290579698979855
5,0.12284034164622426
6,0.030152307590469718
7,0.018741338863037527
8,5.03259478534801e-06
9,0.0
10,0.0
