decile,relative_change_pct
1,0.6980923004448414
2,1.5111918561160564
3,0.7688533514738083
4,0.2851803321391344
5,0.13766211923211813
6,0.020640237198676914
7,0.024306790146511048
8,6.3041049713774555e-06
9,0.0
10,0.0
