decile,relative_change_pct
1,0.9037940762937069
2,1.4255483634769917
3,0.5686248652637005
4,0.2957690041512251
5,0.13819540617987514
6,0.03392132348380983
7,0.02108401822624728
8,5.66167130955364e-06
9,0.0
10,0.0
