decile,relative_change_pct
1,0.5021078512072563
2,0.7919714786112309
3,0.3159027546644211
4,0.1643161755055189
5,0.0767752411775291
6,0.018845171143766493
7,0.011713348794728518
8,3.1453740945153186e-06
9,0.0
10,0.0
