decile,relative_change_pct
1,1.1266915127635002
2,1.8160659819841385
3,0.7896578870713711
4,0.4108085762709379
5,0.1088905381038785
6,0.03908165672328323
7,0.023944138956721872
8,6.4497321261569596e-06
9,0.0
10,0.0
