decile,relative_change_pct
1,0.29762149788439274
2,0.8131577633321285
3,0.22803409956395626
4,0.2248972188681364
5,0.058078806614503264
6,0.035474501783028245
7,0.023426697589457035
8,6.290748189030637e-06
9,0.0
10,0.0
