decile,relative_change_pct
1,0.6683579180389643
2,1.603202149271965
3,0.6973986979573965
4,0.3127718111500144
5,0.10759596480056643
6,0.020873443281743675
7,0.023944138956721872
8,6.4497321261569596e-06
9,0.0
10,0.0
