decile,relative_change_pct
1,0.5686970893293619
2,1.2711924500763416
3,0.5238445475697517
4,0.19279229454696178
5,0.11012844042852521
6,0.020125154696870595
7,0.023426697589457035
8,6.290748189030637e-06
9,0.0
10,0.0
