decile,relative_change_pct
1,0.6534910760819912
2,1.0336202569305897
3,0.468644080683589
4,0.37706729490309954
5,0.07491510477848351
6,0.03908165672328323
7,0.023944138956721872
8,6.4497321261569596e-06
9,0.0
10,0.0
