decile,relative_change_pct
1,0.16224394785240293
2,0.24998323060572147
3,0.12264242395758629
4,0.0396055867895484
5,0.02350085269426927
6,0.005772519580204971
7,0.003552599810063839
8,9.554733892969125e-07
9,0.0
10,0.0
