decile,relative_change_pct
1,0.2784399315714836
2,0.36465832963585854
3,0.2499046502634883
4,0.01694483362371102
5,0.053503288654610515
6,0.0022732494471711107
7,0.024306790146511048
8,6.3041049713774555e-06
9,0.0
10,0.0
