decile,relative_change_pct
1,1.0816264897584915
2,1.6556484624743462
3,0.81761684268713
4,0.2640374004840851
5,0.1566725899465382
6,0.03848335181828588
7,0.023683997278567404
8,6.369840832576301e-06
9,0.0
10,0.0
