decile,relative_change_pct
1,0.6168308667838573
2,1.3211716897785664
3,0.5365698598325253
4,0.32689115032553673
5,0.15192384598776698
6,0.020125154696870595
7,0.023426697589457035
8,6.290748189030637e-06
9,0.0
10,0.0
