decile,relative_change_pct
1,0.7571385707706213
2,1.1665892787277699
3,0.5723319016396999
4,0.1848262152634561
5,0.10967090493068099
6,0.026938310475088656
7,0.01657879911363125
8,4.458893698711108e-06
9,0.0
10,0.0
