decile,relative_change_pct
1,0.621721288189292
2,1.3631938956677914
3,0.6211038678884506
4,0.25017401203513145
5,0.15065704938024282
6,0.020545611914712936
7,0.023683480685576797
8,6.369840832576301e-06
9,0.0
10,0.0
