decile,relative_change_pct
1,1.1404198594391346
2,1.5034163370728493
3,0.6229798309504986
4,0.30872963834553957
5,0.17820184584707022
6,0.037727857124991715
7,0.023552945640403777
8,6.323037382571783e-06
9,0.0
10,0.0
