decile,relative_change_pct
1,0.5432026460766792
2,1.024786476045847
3,0.43723094277083874
4,0.14232967514544725
5,0.10571253951638937
6,0.02063958818325773
7,0.024306790146511048
8,6.3041049713774555e-06
9,0.0
10,0.0
