decile,relative_change_pct
1,0.9635735303163528
2,1.6483260318636894
3,0.6873261649161577
4,0.4107941873371601
5,0.1088905381038785
6,0.03908165672328323
7,0.023944138956721872
8,6.4497321261569596e-06
9,0.0
10,0.0
