decile,relative_change_pct
1,0.9734638035297394
2,1.4999003149569035
3,0.7358550559729338
4,0.2376336371526122
5,0.1410052878782153
6,0.034635033807717264
7,0.02131559740519151
8,5.7328538360934544e-06
9,0.0
10,0.0
