decile,relative_change_pct
1,0.38297728169709444
2,0.5231138318777084
3,0.3244664752855897
4,0.04841398331336677
5,0.05353286396712065
6,0.0022626223653787747
7,0.023683480685576797
8,6.369840832576301e-06
9,0.0
10,0.0
