decile,relative_change_pct
1,0.431264890357852
2,0.7672533392906189
3,0.3719553118571639
4,0.06831912323832512
5,0.053503288654610515
6,0.012514957052189857
7,0.024306790146511048
8,6.3041049713774555e-06
9,0.0
10,0.0
