decile,relative_change_pct
1,0.8653012104332447
2,1.333245076239109
3,0.6540934555232525
4,0.21122987382113934
5,0.1253379974514246
6,0.030786715797148645
7,0.01894719753181562
8,5.095867194881976e-06
9,0.0
10,0.0
