decile,relative_change_pct
1,0.6994715891778469
2,1.6478005796670914
3,0.7534672506153584
4,0.39239744655787945
5,0.10759596480056643
6,0.020873443281743675
7,0.023944138956721872
8,6.4497321261569596e-06
9,0.0
10,0.0
