decile,relative_change_pct
1,0.6448213942348957
2,1.4735441654920578
3,0.672023044899106
4,0.27787776198238134
5,0.13306341134011745
6,0.02063958818325773
7,0.024306790146511048
8,6.3041049713774555e-06
9,0.0
10,0.0
