decile,relative_change_pct
1,0.3155143931508064
2,0.34401644952595234
3,0.21740647498518229
4,0.03163838409818709
5,0.05579368444159627
6,1.3618740979381982e-05
7,0.023472565226256847
8,6.3566567121142725e-06
9,0.0
10,0.0
