decile,relative_change_pct
1,0.6489759311079979
2,0.9999338537454605
3,0.4905702080577612
4,0.15842245193198323
5,0.09400360868312418
6,0.023089995374903083
7,0.014210397785063833
8,3.8219070574996294e-06
9,0.0
10,0.0
