decile,relative_change_pct
1,0.29693986289203167
2,0.8479648269712925
3,0.1837157877162099
4,0.23677924182265997
5,0.05913926288485527
6,0.03543648053891957
7,0.023472565226256847
8,6.3566567121142725e-06
9,0.0
10,0.0
