decile,relative_change_pct
1,0.17064809799194336
2,0.2795488340780139
3,0.11966470628976822
4,0.06162139470688999
5,0.01633359061088413
6,0.005862253237864934
7,0.0035916211345465854
8,9.674624656952346e-07
9,0.0
10,0.0
