decile,relative_change_pct
1,0.17220525769516826
2,0.25759520940482616
3,0.1317755552008748
4,0.05514687509275973
5,0.02083501749439165
6,0.005797530684503727
7,0.003646028562798165
8,9.456176286448681e-07
9,0.0
10,0.0
