decile,relative_change_pct
1,0.2647559391334653
2,0.40708999149501324
3,0.21264536771923304
4,0.017243110050912946
5,0.05405158153735101
6,0.00229810866585467
7,0.023944138956721872
8,6.4497321261569596e-06
9,0.0
10,0.0
