decile,relative_change_pct
1,1.0711383074522018
2,1.6198158264160156
3,0.8094235323369503
4,0.2640374004840851
5,0.1566725899465382
6,0.03848335181828588
7,0.023683997278567404
8,6.369840832576301e-06
9,0.0
10,0.0
