decile,relative_change_pct
1,0.5955502390861511
2,0.8484545163810253
3,0.3046445781365037
4,0.2453779336065054
5,0.13220314867794514
6,0.03545010113157332
7,0.023472565226256847
8,6.3566567121142725e-06
9,0.0
10,0.0
