decile,relative_change_pct
1,0.469311885535717
2,1.0054185055196285
3,0.3815875621512532
4,0.06615423480980098
5,0.056715309619903564
6,0.01265710307052359
7,0.023944138956721872
8,6.4497321261569596e-06
9,0.0
10,0.0
