decile,relative_change_pct
1,0.688821030780673
2,1.0303804650902748
3,0.5271013826131821
4,0.22058694157749414
5,0.0833399360999465
6,0.023189978674054146
7,0.014584064774680883
8,3.7824605669811717e-06
9,0.0
10,0.0
