decile,relative_change_pct
1,0.36115755792707205
2,0.5754041019827127
3,0.2807161305099726
4,0.049787096213549376
5,0.05405158153735101
6,0.00229810866585467
7,0.023944138956721872
8,6.4497321261569596e-06
9,0.0
10,0.0
