decile,relative_change_pct
1,0.682592112571001
2,1.1181948706507683
3,0.4786584060639143
4,0.2464850666001439
5,0.0653343100566417
6,0.02344898966839537
7,0.014366484538186342
8,3.869836717740327e-06
9,0.0
10,0.0
