decile,relative_change_pct
1,0.49774679355323315
2,0.9093365631997585
3,0.3718907246366143
4,0.11831566225737333
5,0.05665430799126625
6,0.012201505160192028
7,0.023426697589457035
8,6.290748189030637e-06
9,0.0
10,0.0
