decile,relative_change_pct
1,0.32640837598592043
2,0.8395623415708542
3,0.33009876497089863
4,0.1723684137687087
5,0.061985908541828394
6,0.03622072981670499
7,0.023683997278567404
8,6.369840832576301e-06
9,0.0
10,0.0
