decile,relative_change_pct
1,0.9939359501004219
2,1.5384023077785969
3,0.6236294284462929
4,0.3286323510110378
5,0.1535504823550582
6,0.037690342287532985
7,0.023426697589457035
8,6.290748189030637e-06
9,0.0
10,0.0
