decile,relative_change_pct
1,0.15063234604895115
2,0.23759121540933847
3,0.09477073326706886
4,0.049294804921373725
5,0.023032547323964536
6,0.005653568950947374
7,0.003513994670356624
8,9.436101677806619e-07
9,0.0
10,0.0
