decile,relative_change_pct
1,0.37521086633205414
2,0.5322537384927273
3,0.3191725816577673
4,0.04892706638202071
5,0.053503288654610515
6,0.0022732494471711107
7,0.024306790146511048
8,6.3041049713774555e-06
9,0.0
10,0.0
