decile,relative_change_pct
1,0.41254102252423763
2,0.8146710693836212
3,0.3363398602232337
4,0.06613011937588453
5,0.05405158153735101
6,0.01265710307052359
7,0.023944138956721872
8,6.4497321261569596e-06
9,0.0
10,0.0
