decile,relative_change_pct
1,0.5060622934252024
2,0.9410274215042591
3,0.4264483693987131
4,0.06920314044691622
5,0.056170334573835135
6,0.012459018034860492
7,0.023683480685576797
8,6.369840832576301e-06
9,0.0
10,0.0
