decile,relative_change_pct
1,0.6139933597296476
2,1.5653930604457855
3,0.6022431422024965
4,0.3044803161174059
5,0.10759596480056643
6,0.020872786990366876
7,0.023944138956721872
8,6.4497321261569596e-06
9,0.0
10,0.0
