decile,avg_change_gbp,relative_change_pct
1,127.50439453125,1.002164464443922
2,410.1612243652344,1.6615038737654686
3,147.8223419189453,0.5486183799803257
4,101.72516632080078,0.30754043255001307
5,71.37677764892578,0.18224206287413836
6,16.54778289794922,0.03755826037377119
7,11.660675048828125,0.023606278409715742
8,0.0033801542595028877,6.352669146281187e-06
9,0.0,0.0
10,0.0,0.0
