decile,relative_change_pct
1,0.533026410266757
2,1.4305094256997108
3,0.5064509809017181
4,0.16040768241509795
5,0.09095221175812185
6,0.020872786990366876
7,0.023944138956721872
8,6.4497321261569596e-06
9,0.0
10,0.0
