decile,relative_change_pct
1,0.28660979587584734
2,0.34427738282829523
3,0.2303452929481864
4,0.0317358470056206
5,0.0539755099453032
6,0.0022158385036163963
7,0.023426697589457035
8,6.290748189030637e-06
9,0.0
10,0.0
