decile,relative_change_pct
1,0.38472532760351896
2,0.5053459666669369
3,0.268132402561605
4,0.08952318457886577
5,0.0539755099453032
6,0.0022158385036163963
7,0.023426697589457035
8,6.290748189030637e-06
9,0.0
10,0.0
