decile,relative_change_pct
1,0.5726002156734467
2,1.3119042851030827
3,0.5774229764938354
4,0.14122506836429238
5,0.10920094791799784
6,0.020545611914712936
7,0.023683480685576797
8,6.369840832576301e-06
9,0.0
10,0.0
