decile,relative_change_pct
1,0.5584892816841602
2,1.3374324887990952
3,0.5745529197156429
4,0.14566066674888134
5,0.10914597660303116
6,0.02063958818325773
7,0.024306790146511048
8,6.3041049713774555e-06
9,0.0
10,0.0
