decile,relative_change_pct
1,0.6142813246697187
2,0.9103238582611084
3,0.4516361281275749
4,0.2555467886850238
5,0.10089501738548279
6,0.03848335181828588
7,0.023683997278567404
8,6.369840832576301e-06
9,0.0
10,0.0
