decile,relative_change_pct
1,1.0042157024145126
2,1.5839429572224617
3,0.6318055093288422
4,0.3286323510110378
5,0.1535504823550582
6,0.037690342287532985
7,0.023426697589457035
8,6.290748189030637e-06
9,0.0
10,0.0
