decile,relative_change_pct
1,0.28555202297866344
2,0.35782784689217806
3,0.2556663006544113
4,0.016767496708780527
5,0.05353286396712065
6,0.0022626223653787747
7,0.023683480685576797
8,6.369840832576301e-06
9,0.0
10,0.0
