decile,relative_change_pct
1,0.43995282612740993
2,0.7535863202065229
3,0.38071759045124054
4,0.06427403423003852
5,0.05353286396712065
6,0.012459018034860492
7,0.023683480685576797
8,6.369840832576301e-06
9,0.0
10,0.0
