decile,relative_change_pct
1,0.6025293841958046
2,0.950365886092186
3,0.3790834220126271
4,0.19717940595000982
5,0.09213031153194606
6,0.02261418558191508
7,0.014056029613129795
8,3.774450973992316e-06
9,0.0
10,0.0
