decile,relative_change_pct
1,1.1376537382602692
2,1.8636580556631088
3,0.7977642118930817
4,0.4108085762709379
5,0.1088905381038785
6,0.03908165672328323
7,0.023944138956721872
8,6.4497321261569596e-06
9,0.0
10,0.0
