decile,relative_change_pct
1,0.5475456360727549
2,0.9706593118607998
3,0.38742702454328537
4,0.18953850958496332
5,0.10666386224329472
6,0.020125154696870595
7,0.023426697589457035
8,6.290748189030637e-06
9,0.0
10,0.0
