decile,relative_change_pct
1,0.36608437076210976
2,0.91208815574646
3,0.33097625710070133
4,0.22725574672222137
5,0.030971955857239664
6,0.03678354842122644
7,0.023944138956721872
8,6.4497321261569596e-06
9,0.0
10,0.0
